{
  "aspect": 0.5490816972767575,
  "screen": {
    "x": 0.14648212226066898,
    "y": 0.10829639012032932,
    "w": 0.6470588235294118,
    "h": 0.4578847371754275
  },
  "dpad": {
    "x": 0.07612456747404844,
    "y": 0.6307789740341989,
    "w": 0.30565167243367936,
    "h": 0.16782773907536416
  },
  "buttons": {
    "y": {
      "x": 0.7052941176470588,
      "y": 0.6310892970234325,
      "w": 0.11997693194925027,
      "h": 0.06587713742875237
    },
    "a": {
      "x": 0.7047174163783161,
      "y": 0.7333692210259658,
      "w": 0.11997693194925027,
      "h": 0.06587713742875237
    },
    "x": {
      "x": 0.6147520184544406,
      "y": 0.68017099430019,
      "w": 0.11997693194925027,
      "h": 0.06587713742875237
    },
    "b": {
      "x": 0.7992964244521338,
      "y": 0.6795376820772641,
      "w": 0.11997693194925027,
      "h": 0.06587713742875237
    }
  },
  "shoulders": {
    "l": {
      "x": 0,
      "y": 0.135,
      "w": 0.055,
      "h": 0.16
    },
    "r": {
      "x": 0.945,
      "y": 0.135,
      "w": 0.055,
      "h": 0.16
    }
  },
  "system": {
    "select": {
      "x": 0.3644752018454441,
      "y": 0.7720075997466751,
      "w": 0.08650519031141868,
      "h": 0.02026599113362888
    },
    "start": {
      "x": 0.5028835063437139,
      "y": 0.7720075997466751,
      "w": 0.08650519031141868,
      "h": 0.02026599113362888
    }
  }
}