{
  "aspect": 0.6583143507972665,
  "screen": {
    "x": 0.14648212226066898,
    "y": 0.12984054669703873,
    "w": 0.6470588235294118,
    "h": 0.35003796507213364
  },
  "dpad": {
    "x": 0.09457900807381776,
    "y": 0.5702353834472286,
    "w": 0.2675893886966551,
    "h": 0.17615793470007593
  },
  "buttons": {
    "y": {
      "x": 0.7021799307958477,
      "y": 0.556408504176158,
      "w": 0.12389850057670135,
      "h": 0.0815641609719059
    },
    "a": {
      "x": 0.7027566320645905,
      "y": 0.6790356871678056,
      "w": 0.12389850057670135,
      "h": 0.0815641609719059
    },
    "x": {
      "x": 0.612791234140715,
      "y": 0.6167729688686409,
      "w": 0.12389850057670135,
      "h": 0.0815641609719059
    },
    "b": {
      "x": 0.7938754325259515,
      "y": 0.6167729688686409,
      "w": 0.12389850057670135,
      "h": 0.0815641609719059
    }
  },
  "shoulders": {
    "l": {
      "x": 0,
      "y": 0.135,
      "w": 0.055,
      "h": 0.16
    },
    "r": {
      "x": 0.945,
      "y": 0.135,
      "w": 0.055,
      "h": 0.16
    }
  },
  "system": {
    "select": {
      "x": 0.3644752018454441,
      "y": 0.7266514806378133,
      "w": 0.08650519031141868,
      "h": 0.024297646165527716
    },
    "start": {
      "x": 0.5028835063437139,
      "y": 0.7266514806378133,
      "w": 0.08650519031141868,
      "h": 0.024297646165527716
    }
  }
}