{
  "aspect": 0.541875,
  "screen": {
    "x": 0.14648212226066898,
    "y": 0.106875,
    "w": 0.7151095732410612,
    "h": 0.451875
  },
  "dpad": {
    "x": 0.07612456747404844,
    "y": 0.635625,
    "w": 0.30565167243367936,
    "h": 0.165625
  },
  "buttons": {
    "y": {
      "x": 0.7054844290657439,
      "y": 0.6360343749999999,
      "w": 0.11959630911188011,
      "h": 0.06480625000000004
    },
    "a": {
      "x": 0.7049077277970012,
      "y": 0.7369718749999999,
      "w": 0.11959630911188011,
      "h": 0.06480625000000004
    },
    "x": {
      "x": 0.6149423298731257,
      "y": 0.684471875,
      "w": 0.11959630911188011,
      "h": 0.06480625000000004
    },
    "b": {
      "x": 0.7994867358708189,
      "y": 0.683846875,
      "w": 0.11959630911188011,
      "h": 0.06480625000000004
    }
  },
  "shoulders": {
    "r1": {
      "x": 0.6424452133794695,
      "y": 0.580625,
      "w": 0.10380622837370242,
      "h": 0.030625
    },
    "r2": {
      "x": 0.7681660899653979,
      "y": 0.580625,
      "w": 0.10380622837370242,
      "h": 0.030625
    },
    "l1": {
      "x": 0.2606689734717416,
      "y": 0.580625,
      "w": 0.10380622837370242,
      "h": 0.030625
    },
    "l2": {
      "x": 0.13379469434832755,
      "y": 0.580625,
      "w": 0.10380622837370242,
      "h": 0.030625
    }
  },
  "wheel": {
    "x": 0.4083044982698962,
    "y": 0.580625,
    "w": 0.1903114186851211,
    "h": 0.030625
  },
  "system": {
    "select": {
      "x": 0.4013840830449827,
      "y": 0.775,
      "w": 0.08650519031141868,
      "h": 0.02
    },
    "start": {
      "x": 0.5397923875432526,
      "y": 0.775,
      "w": 0.08016147635524798,
      "h": 0.02
    }
  }
}